userId,total_feedback,latest_feedback_time
1,6,2024-10-11 01:28:22
2,5,2024-08-30 17:22:19
3,4,2024-10-12 15:55:43
4,5,2024-10-01 12:30:07
5,5,2024-09-23 10:12:35
7,6,2024-07-02 10:08:35
8,7,2024-09-29 12:30:15
9,5,2024-08-15 09:34:19
10,6,2024-08-11 23:58:41
11,4,2024-08-25 10:51:21
12,7,2024-09-05 06:44:38
13,6,2024-10-07 15:23:38
14,6,2024-09-19 06:48:38
15,5,2024-07-31 08:20:33
16,5,2024-09-23 09:50:11
17,6,2024-09-28 18:28:05
18,9,2024-09-22 20:36:33
19,4,2024-09-17 23:32:46
20,1,2024-01-04 21:36:38
21,4,2024-09-30 21:35:19
22,9,2024-09-09 02:04:14
23,6,2024-08-16 22:25:37
24,3,2024-09-04 18:25:22
25,9,2024-09-22 18:26:20
26,9,2024-09-22 11:24:34
27,5,2024-08-30 06:09:21
28,8,2024-09-28 07:24:27
29,6,2024-09-19 18:01:23
30,8,2024-09-14 04:24:35
31,4,2024-09-30 03:08:57
32,6,2024-07-04 08:38:45
33,4,2024-06-19 23:00:25
34,9,2024-09-04 18:05:53
35,4,2024-03-08 21:52:09
36,4,2024-10-01 19:54:58
37,4,2024-09-03 21:16:28
38,3,2024-10-06 17:55:16
39,4,2024-09-08 19:31:32
40,3,2024-10-09 05:39:48
41,5,2024-09-23 16:45:39
42,8,2024-08-25 18:17:48
43,6,2024-06-23 14:30:17
44,4,2024-09-16 10:38:49
45,6,2024-08-06 16:36:20
46,6,2024-09-25 17:04:52
47,3,2024-09-07 11:27:22
48,8,2024-08-05 11:00:30
49,4,2024-09-10 15:23:11
50,7,2024-08-02 04:07:19
51,5,2024-06-16 06:54:42
52,4,2024-08-25 14:02:21
53,5,2024-07-31 22:24:55
54,3,2024-09-29 05:51:11
55,3,2024-09-22 03:51:01
56,2,2024-09-28 01:36:11
57,4,2024-08-10 21:40:28
58,8,2024-09-15 14:55:22
59,5,2024-10-03 13:17:55
60,10,2024-09-21 11:35:56
61,8,2024-08-01 01:07:19
62,5,2024-09-12 19:10:39
63,3,2024-07-16 10:13:40
64,4,2024-09-24 09:21:10
65,6,2024-10-08 00:21:54
66,6,2024-09-26 20:26:11
67,5,2024-09-04 12:40:13
68,5,2024-06-28 09:51:08
69,5,2024-08-27 07:38:09
70,9,2024-08-14 04:04:06
71,7,2024-08-17 23:10:34
72,9,2024-06-19 02:51:52
74,6,2024-10-08 05:09:26
75,2,2024-04-09 21:54:38
76,8,2024-08-18 03:55:41
77,7,2024-07-26 06:42:36
78,6,2024-06-20 12:24:52
79,4,2024-10-05 07:41:12
81,4,2024-10-06 23:36:21
82,7,2024-09-29 05:20:19
83,2,2024-04-17 07:42:25
84,4,2024-07-30 02:59:31
85,2,2024-07-20 14:47:39
86,4,2024-06-22 09:18:33
87,3,2024-06-15 12:45:54
88,7,2024-09-18 13:23:43
89,9,2024-09-24 09:33:38
90,5,2024-09-26 06:12:30
91,4,2024-07-21 13:13:32
92,7,2024-08-23 17:23:38
93,4,2024-07-24 21:43:57
94,6,2024-09-12 11:51:32
95,3,2024-08-07 20:44:21
96,2,2024-03-12 12:01:05
97,6,2024-07-30 10:02:58
98,4,2024-09-02 04:46:43
99,2,2024-02-08 01:49:01
100,6,2024-09-08 03:45:17
101,9,2024-10-09 18:48:26
102,8,2024-09-09 20:29:29
103,3,2024-09-08 14:15:29
104,5,2024-10-06 12:51:37
105,3,2024-07-16 00:33:59
106,7,2024-10-02 16:42:34
107,2,2024-08-31 06:38:56
108,9,2024-09-29 00:25:40
109,4,2024-08-23 18:49:50
110,7,2024-09-03 12:36:28
111,8,2024-09-21 09:01:33
112,5,2024-10-03 18:14:46
113,3,2024-09-09 09:20:46
114,2,2024-08-08 19:43:42
115,3,2024-08-08 05:43:43
116,9,2024-08-15 13:27:20
117,4,2024-06-17 20:16:26
118,2,2024-04-29 12:07:10
119,5,2024-05-21 23:20:00
120,7,2024-08-22 22:57:56
121,7,2024-08-28 02:23:06
122,9,2024-09-02 20:44:04
123,2,2024-07-05 08:04:34
124,4,2024-10-04 01:50:09
125,6,2024-09-24 08:42:42
126,6,2024-09-27 05:34:56
128,4,2024-10-12 23:47:23
129,5,2024-08-08 08:33:05
130,6,2024-10-13 19:15:04
131,11,2024-07-04 02:29:03
132,2,2024-08-31 02:32:17
133,5,2024-08-15 05:46:23
134,7,2024-08-29 19:22:14
135,4,2024-07-11 14:18:25
136,5,2024-09-04 11:32:40
137,2,2024-10-06 15:29:22
138,2,2024-09-04 01:54:28
139,9,2024-10-11 08:57:33
140,6,2024-07-13 12:46:10
141,4,2024-09-11 12:29:59
142,4,2024-07-22 06:18:57
143,2,2024-06-15 12:45:44
144,4,2024-08-23 02:48:44
145,3,2024-10-05 03:14:22
146,3,2024-07-09 23:45:40
147,9,2024-10-06 15:21:51
148,4,2024-10-13 14:00:32
149,3,2024-09-01 05:51:04
150,6,2024-08-23 03:40:07
151,2,2024-09-07 17:40:49
152,4,2024-10-13 13:55:51
153,8,2024-09-16 06:39:44
154,8,2024-08-18 22:21:18
155,6,2024-08-31 05:39:45
156,5,2024-09-25 02:25:37
157,6,2024-09-08 09:59:07
158,2,2024-08-18 14:01:47
159,2,2024-07-21 17:51:57
160,3,2024-09-12 12:28:07
161,4,2024-05-08 22:44:51
162,5,2024-09-18 23:59:55
164,5,2024-08-04 23:14:44
165,4,2024-10-06 00:54:10
166,4,2024-08-13 19:54:36
167,9,2024-08-17 05:29:23
168,5,2024-10-14 12:36:08
169,6,2024-08-20 09:36:06
170,2,2024-05-24 14:34:18
171,11,2024-10-09 18:26:40
172,1,2024-10-14 07:00:57
173,5,2024-06-23 10:24:00
174,7,2024-10-10 17:39:31
175,5,2024-07-24 20:34:19
176,5,2024-07-11 10:39:15
177,4,2024-10-04 07:02:02
178,4,2024-09-06 11:59:08
179,9,2024-10-05 20:49:42
180,2,2024-09-12 09:47:05
181,6,2024-10-06 11:12:19
182,9,2024-09-28 05:16:54
183,6,2024-10-10 12:47:04
184,6,2024-10-09 17:21:52
185,5,2024-09-05 01:38:24
186,7,2024-09-30 09:44:02
187,4,2024-05-26 03:05:22
188,3,2024-10-04 18:16:25
189,5,2024-09-03 19:17:31
190,4,2024-09-20 18:48:44
191,7,2024-10-01 10:59:14
192,2,2024-07-29 04:42:34
193,6,2024-08-05 19:03:57
194,3,2024-09-05 02:46:18
195,6,2024-08-20 05:41:12
196,1,2024-08-19 00:12:53
197,1,2024-01-11 21:33:29
198,5,2024-07-23 02:01:06
199,3,2024-07-31 17:16:26
200,3,2024-09-13 11:41:16
